0.076219,-0.18684,Bacteria,Firmicutes,Bacilli,Lactobacillales,Streptococcaceae,Streptococcus,NA,TACGTAGGTCCCGAGCGTTGTCCGGATTTATTGGGCGTAAAGCGAGCGCAGGCGGTTAGATAAGTCTGAAGTTAAAGGCTGTGGCTTAACCATAGTACGCTTTGGAAACTGTTTAACTTGAGTGCAAGAGGGGAGAGTGGAATTCCATGTGTAGCGGTGAAATGCGTAGATATATGGAGGAACACCGGTGGCGAAAGCGGCTCTCTGGCTTGTAACTGACGCTGAGGCTCGAAAGCGTGGGGAGCAAACAGG,ASV1
0.039123,-0.15316,Bacteria,Proteobacteria,Gammaproteobacteria,Pasteurellales,Pasteurellaceae,Haemophilus,NA,TACGGAGGGTGCGAGCGTTAATCGGAATAACTGGGCGTAAAGGGCACGCAGGCGGTGACTTAAGTGAGGTGTGAAAGCCCCGGGCTTAACCTGGGAATTGCATTTCATACTGGGTCGCTAGAGTACTTTAGGGAGGGGTAGAATTCCACGTGTAGCGGTGAAATGCGTAGAGATGTGGAGGAATACCGAAGGCGAAGGCAGCCCCTTGGGAATGTACTGACGCTCATGTGCGAAAGCGTGGGGAGCAAACAGG,ASV2
0.09918,-0.0652,Bacteria,Firmicutes,Negativicutes,Veillonellales-Selenomonadales,Veillonellaceae,Veillonella,atypica/dispar,TACGTAGGTGGCAAGCGTTGTCCGGAATTATTGGGCGTAAAGCGCGCGCAGGCGGATTGGTCAGTCTGTCTTAAAAGTTCGGGGCTTAACCCCGTGATGGGATGGAAACTGCCAATCTAGAGTATCGGAGAGGAAAGTGGAATTCCTAGTGTAGCGGTGAAATGCGTAGATATTAGGAAGAACACCAGTGGCGAAGGCGACTTTCTGGACGAAAACTGACGCTGAGGCGCGAAAGCCAGGGGAGCGAACGGG,ASV4
0.094198,0.0025384,Bacteria,Bacteroidota,Bacteroidia,Bacteroidales,Prevotellaceae,Prevotella,melaninogenica,TACGGAAGGTCCAGGCGTTATCCGGATTTATTGGGTTTAAAGGGAGCGTAGGCTGGAGATTAAGTGTGTTGTGAAATGTAGACGCTCAACGTCTGAATTGCAGCGCATACTGGTTTCCTTGAGTACGCACAACGTTGGCGGAATTCGTCGTGTAGCGGTGAAATGCTTAGATATGACGAAGAACTCCGATTGCGAAGGCAGCTGACGGGAGCGCAACTGACGCTTAAGCTCGAAGGTGCGGGTATCAAACAGG,ASV6
0.12215,0.1916,Bacteria,Proteobacteria,Gammaproteobacteria,Burkholderiales,Neisseriaceae,Neisseria,NA,TACGTAGGGTGCGAGCGTTAATCGGAATTACTGGGCGTAAAGCGAGCGCAGACGGTTACTTAAGCAGGATGTGAAATCCCCGGGCTCAACCTGGGAACTGCGTTCTGAACTGGGTGACTAGAGTGTGTCAGAGGGAGGTAGAATTCCACGTGTAGCAGTGAAATGCGTAGAGATGTGGAGGAATACCGATGGCGAAGGCAGCCTCCTGGGATAACACTGACGTTCATGCTCGAAAGCGTGGGTAGCAAACAGG,ASV8
0.10755,-0.016881,Bacteria,Firmicutes,Bacilli,Lactobacillales,Streptococcaceae,Streptococcus,NA,TACGTAGGTCCCGAGCGTTGTCCGGATTTATTGGGCGTAAAGCGAGCGCAGGCGGTTTGATAAGTCTGAAGTTAAAGGCTGTGGCTCAACCATAGTTCGCTTTGGAAACTGTCAAACTTGAGTGCAGAAGGGGAGAGTGGAATTCCATGTGTAGCGGTGAAATGCGTAGATATATGGAGGAACACCGGTGGCGAAAGCGGCTCTCTGGTCTGTAACTGACGCTGAGGCTCGAAAGCGTGGGGAGCGAACAGG,ASV9
0.10272,0.12477,Bacteria,Firmicutes,Negativicutes,Veillonellales-Selenomonadales,Veillonellaceae,Veillonella,parvula/rogosae/tobetsuensis,TACGTAGGTGGCAAGCGTTGTCCGGAATTATTGGGCGTAAAGCGCGCGCAGGCGGATCAGTCAGTCTGTCTTAAAAGTTCGGGGCTTAACCCCGTGATGGGATGGAAACTGCTGATCTAGAGTATCGGAGAGGAAAGTGGAATTCCTAGTGTAGCGGTGAAATGCGTAGATATTAGGAAGAACACCAGTGGCGAAGGCGACTTTCTGGACGAAAACTGACGCTGAGGCGCGAAAGCCAGGGGAGCGAACGGG,ASV10
0.16922,0.015754,Bacteria,Firmicutes,Bacilli,Staphylococcales,Gemellaceae,Gemella,NA,TACGTAGGTGGCAAGCGTTGTCCGGAATTATTGGGCGTAAAGCGCGCGCAGGTGGTTTAATAAGTCTGATGTGAAAGCCCACGGCTCAACCGTGGAGGGTCATTGGAAACTGTTAAACTTGAGTGCAGGAGAGAAAAGTGGAATTCCTAGTGTAGCGGTGAAATGCGTAGAGATTAGGAGGAACACCAGTGGCGAAGGCGGCTTTTTGGCCTGTAACTGACACTGAGGCGCGAAAGCGTGGGGAGCAAACAGG,ASV12
0.085569,0.16367,Bacteria,Actinobacteriota,Actinobacteria,Micrococcales,Micrococcaceae,Rothia,dentocariosa,TACGTAGGGCGCGAGCGTTGTCCGGAATTATTGGGCGTAAAGAGCTTGTAGGCGGTTGGTCGCGTCTGCTGTGAAAGGCTGGGGCTTAACCCTGGTTTTGCAGTGGGTACGGGCTAACTAGAGTGCAGTAGGGGAGACTGGAATTCCTGGTGTAGCGGTGGAATGCGCAGATATCAGGAGGAACACCGATGGCGAAGGCAGGTCTCTGGGCTGTAACTGACGCTGAGAAGCGAAAGCATGGGGAGCGAACAGG,ASV13
0.16905,0.04876,Bacteria,Bacteroidota,Bacteroidia,Bacteroidales,Prevotellaceae,Prevotella,histicola,TACGGAAGGTCCGGGCGTTATCCGGATTTATTGGGTTTAAAGGGAGCGTAGGCTGGAGATTAAGTGTGTTGTGAAATGTAGACGCTCAACGTCTGACTTGCAGCGCATACTGGTTTCCTTGAGTACGCACAACGTTGGCGGAATTCGTCGTGTAGCGGTGAAATGCTTAGATATGACGAAGAACTCCGATTGCGAAGGCAGCTGACGGGAGCGCAACTGACGCTGAAGCTCGAAGGTGCGGGTATCGAACAGG,ASV16
0.1209,0.079449,Bacteria,Bacteroidota,Bacteroidia,Bacteroidales,Porphyromonadaceae,Porphyromonas,pasteri,TACGGAGGATGCGAGCGTTATCCGGATTTATTGGGTTTAAAGGGTGCGTAGGCGGCCTGTTAAGTCAGCGGTGAAATCTAGGAGCTTAACTCCTAAATTGCCATTGATACTGGCGGGCTTGAGTGTAGATGAGGTAGGCGGAATGCGTGGTGTAGCGGTGGAATGCATAGATATCACGCAGAACTCCGATTGCGAAGGCAGCTTACTAAGGTACAACTGACGCTGAAGCACGAAAGCGTGGGTATCAAACAGG,ASV17
0.083863,-0.20636,Bacteria,Firmicutes,Bacilli,Lactobacillales,Streptococcaceae,Streptococcus,NA,TACGTAGGTCCCGAGCGTTGTCCGGATTTATTGGGCGTAAAGCGAGCGCAGGCGGTTAGATAAGTCTGAAGTTAAAGGCTGTGGCTTAACCATAGTACGCTTTGGAAACTGTTTAACTTGAGTGCAGAAGGGGAGAGTGGAATTCCATGTGTAGCGGTGAAATGCGTAGATATATGGAGGAACACCGGTGGCGAAAGCGGCTCTCTGGTCTGTAACTGACGCTGAGGCTCGAAAGCGTGGGGAGCGAACAGG,ASV19
-0.018907,-0.18042,Bacteria,Proteobacteria,Gammaproteobacteria,Pasteurellales,Pasteurellaceae,Aggregatibacter,segnis,TACGGAGGGTGCGAGCGTTAATCGGAATAACTGGGCGTAAAGGGCACGCAGGCGGCTATTTAAGTGAGGTGTGAAATCCCCGGGCTTAACCTGGGAATTGCATTTCAGACTGGGTAGCTAGAGTACTTTAGGGAGGGGTAGAATTCCACGTGTAGCGGTGAAATGCGTAGAGATGTGGAGGAATACCGAAGGCGAAGGCAGCCCCTTGGGAATGTACTGACGCTCATGTGCGAAAGCGTGGGGAGCAAACAGG,ASV20
0.11968,-0.064785,Bacteria,Actinobacteriota,Actinobacteria,Actinomycetales,Actinomycetaceae,Actinomyces,odontolyticus,TACGTAGGGCGCGAGCGTTGTCCGGAATTATTGGGCGTAAAGGGCTTGTAGGCGGTTGGTCGCGTCTGCCGTGAAATCCTCTGGCTTAACTGGGGGCGTGCGGTGGGTACGGGCTGACTTGAGTGCGGTAGGGGAGACTGGAACTCCTGGTGTAGCGGTGGAATGCGCAGATATCAGGAAGAACACCGGTGGCGAAGGCGGGTCTCTGGGCCGTTACTGACGCTGAGGAGCGAAAGCGTGGGGAGCGAACAGG,ASV21
0.11234,-0.081556,Bacteria,Fusobacteriota,Fusobacteriia,Fusobacteriales,Leptotrichiaceae,Leptotrichia,NA,TACGTATGTCGCAAGCGTTATCCGGAATTATTGGGCATAAAGGGCATCTAGGCGGCCAGATAAGTCTGGGGTGAAAACTTGCGGCTCAACCGCAAGCCTGCCCTGGAAACTATGTGGCTAGAGTACTGGAGAGGTGGACGGAACTGCACGAGTAGAGGTGAAATTCGTAGATATGTGCAGGAATGCCGATGATGAAGATAGTTCACTGGACGGTAACTGACGCTGAAGTGCGAAAGCTAGGGGAGCAAACAGG,ASV23
0.12876,0.066829,Bacteria,Firmicutes,Negativicutes,Veillonellales-Selenomonadales,Veillonellaceae,Veillonella,massiliensis,TACGTAGGTGGCAAGCGTTGTCCGGAATTATTGGGCGTAAAGCGCGCGCAGGCGGCCTATCCAGTCTGTCTTAAAAGTTCGGGGCTCAACCCCGTGATGGGATGGAAACTAGTAGGCTAGAGTATCGGAGAGGAAAGCGGAATTCCTAGTGTAGCGGTGAAATGCGTAGATATTAGGAAGAACACCAGTGGCGAAGGCGGCTTTCTGGACGAAAACTGACGCTGAGGCGCGAAAGCCAGGGGAGCGAACGGG,ASV28
0.14756,0.02536,Bacteria,Firmicutes,Bacilli,Lactobacillales,Carnobacteriaceae,Granulicatella,elegans,TACGTAGGTGGCAAGCGTTGTCCGGATTTATTGGGCGTAAAGCGAGCGCAGGCGGTCAATTAAGTCTGATGTGAAAGCCCCCGGCTCAACCGGGGAGGGTCATTGGAAACTGGTTGACTTGAGTGCAGAAGAGGAGAGTGGAATTCCATGTGTAGCGGTGAAATGCGTAGATATATGGAGGAACACCAGTGGCGAAGGCGACTCTCTGGTCTGTAACTGACGCTGAGGCTCGAAAGCGTGGGTAGCAAACAGG,ASV29
0.10045,0.06477,Bacteria,Bacteroidota,Bacteroidia,Bacteroidales,Prevotellaceae,Alloprevotella,NA,TACGGAAGGTCCAGGCGTTATCCGGATTTATTGGGTTTAAAGGGAGCGTAGGCGGATTATTAAGTCAGTGGTGAAAGACGGTGGCTCAACCATCGTTAGCCATTGAAACTGGTAGTCTTGAGTGCAGACAGGGATGCTGGAACTCGTGGTGTAGCGGTGAAATGCTTAGATATCACGATGAACTCCGATCGCGAAGGCAGGTGTCCGGGCTGCAACTGACGCTGAGGCTCGAAAGTGTGGGTATCAAACAGG,ASV30
0.13439,0.051965,Bacteria,Firmicutes,Bacilli,Lactobacillales,Carnobacteriaceae,Granulicatella,adiacens/para-adiacens,TACGTAGGTGGCAAGCGTTGTCCGGATTTATTGGGCGTAAAGCGAGCGCAGGCGGTTCCTTAAGTCTGATGTGAAAGCCCCCGGCTCAACCGGGGAGGGTCATTGGAAACTGGGGAACTTGAGTGCAGAAGAGGAGAGTGGAATTCCATGTGTAGCGGTGAAATGCGTAGATATATGGAGGAACACCAGTGGCGAAGGCGACTCTCTGGTCTGTAACTGACGCTGAGGCTCGAAAGCGTGGGTAGCAAACAGG,ASV31
0.11472,0.076224,Bacteria,Bacteroidota,Bacteroidia,Bacteroidales,Prevotellaceae,Prevotella,melaninogenica,TACGGAAGGTCCAGGCGTTATCCGGATTTATTGGGTTTAAAGGGAGCGTAGGCTGGAGATTAAGTGTGTTGTGAAATGTAGACGCTCAACGTCTGACTTGCAGCGCATACTGGTTTCCTTGAGTACGCACAACGTTGGCGGAATTCGTCGTGTAGCGGTGAAATGCTTAGATATGACGAAGAACTCCGATTGCGAAGGCAGCTGACGGGAGCGCAACTGACGCTTAAGCTCGAAGGTGCGGGTATCAAACAGG,ASV32
0.17753,0.021075,Bacteria,Fusobacteriota,Fusobacteriia,Fusobacteriales,Fusobacteriaceae,Fusobacterium,periodonticum,TACGTATGTCACAAGCGTTATCCGGATTTATTGGGCGTAAAGCGCGTCTAGGTGGTTATGTAAGTCTGATGTGAAAATGCAGGGCTCAACTCTGTATTGCGTTGGAAACTGCATGACTAGAGTACTGGAGAGGTAAGCGGAACTACAAGTGTAGAGGTGAAATTCGTAGATATTTGTAGGAATGCCGATGGGGAAGCCAGCTTACTGGACAGATACTGACGCTAAAGCGCGAAAGCGTGGGTAGCAAACAGG,ASV33
0.13402,-0.0010031,Bacteria,Firmicutes,Bacilli,Lactobacillales,Streptococcaceae,Streptococcus,cristatus/sinensis,TACGTAGGTCCCGAGCGTTGTCCGGATTTATTGGGCGTAAAGCGAGCGCAGGCGGTTAGATAAGTCTGAAGTTAAAGGCTGTGGCTTAACCATAGTACGCTTTGGAAACTGTTTAACTTGAGTGCAGAAGGGGAGAGTGGAATTCCATGTGTAGCGGTGAAATGCGTAGATATATGGAGGAACACCGGTGGCGAAAGCGGCTCTCTGGTCTGTAACTGACGCTGAGGCTCGAAAGCGTGGGGAGCAAACAGG,ASV36
0.10254,-0.15799,Bacteria,Bacteroidota,Bacteroidia,Bacteroidales,Prevotellaceae,Prevotella,jejuni/melaninogenica,TACGGAAGGTCCGGGCGTTATCCGGATTTATTGGGTTTAAAGGGAGCGTAGGCCGGAGATTAAGTGTGTTGTGAAATGTAGACGCTCAACGTCTGACTTGCAGCGCATACTGGTTTCCTTGAGTACGCACAACGTTGGCGGAATTCGTCGTGTAGCGGTGAAATGCTTAGATATGACGAAGAACTCCGATTGCGAAGGCAGCTGACGGGAGCGCAACTGACGCTTAAGCTCGAAGGTGCGGGTATCGAACAGG,ASV37
-0.0051278,-0.21778,Bacteria,Actinobacteriota,Actinobacteria,Micrococcales,Micrococcaceae,Rothia,mucilaginosa,TACGTAGGGCGCGAGCGTTGTCCGGAATTATTGGGCGTAAAGAGCTTGTAGGCGGTTTGTCGCGTCTGCTGTGAAAGGCCGGGGCTTAACCCCGTGTATTGCAGTGGGTACGGGCAGACTAGAGTGCAGTAGGGGAGACTGGAATTCCTGGTGTAGCGGTGGAATGCGCAGATATCAGGAGGAACACCGATGGCGAAGGCAGGTCTCTGGGCTGTAACTGACGCTGAGAAGCGAAAGCATGGGGAGCGAACAGG,ASV42
0.076944,0.045898,Bacteria,Firmicutes,Bacilli,Lactobacillales,Streptococcaceae,Streptococcus,NA,TACGTAGGTCCCGAGCGTTATCCGGATTTATTGGGCGTAAAGCGAGCGCAGGCGGTTAGATAAGTCTGAAGTTAAAGGCTGTGGCTTAACCATAGTACGCTTTGGAAACTGTTTAACTTGAGTGCAGAAGGGGAGAGTGGAATTCCATGTGTAGCGGTGAAATGCGTAGATATATGGAGGAACACCGGTGGCGAAAGCGGCTCTCTGGTCTGTAACTGACGCTGAGGCTCGAAAGCGTGGGGAGCAAACAGG,ASV43
0.081414,-0.028901,Bacteria,Bacteroidota,Bacteroidia,Bacteroidales,Prevotellaceae,Alloprevotella,NA,TACGGAAGGTCCAGGCGTTATCCGGATTTATTGGGTTTAAAGGGAGCGTAGGCGGATTGTTAAGTCAGCGGTTAAAGGGTGTGGCTCAACCATGCATTGCCGTTGAAACTGGCGATCTTGAGTGCAGACAGGGATGCCGGAATTCGTGGTGTAGCGGTGAAATGCTTAGATATCACGAAGAACTCCGATCGCGAAGGCAGGTGTCCGGGCTGCAACTGACGCTGAGGCTCGAAAGTGTGGGTATCAAACAGG,ASV46
0.093922,0.12479,Bacteria,Bacteroidota,Bacteroidia,Flavobacteriales,Flavobacteriaceae,Capnocytophaga,leadbetteri,TACGGAGGATGCGAGCGTTATCCGGAATCATTGGGTTTAAAGGGTCCGTAGGCGGGCTAATAAGTCAGAGGTGAAAGCGCTCAGCTCAACTGAGCAACTGCCTTTGAAACTGTTAGTCTTGAATGGTTGTGAAGTAGTTGGAATGTGTAGTGTAGCGGTGAAATGCTTAGATATTACACAGAACACCGATAGCGAAGGCATATTACTAACAATTAATTGACGCTGATGGACGAAAGCGTGGGGAGCGAACAGG,ASV50
0.11562,0.072364,Bacteria,Bacteroidota,Bacteroidia,Bacteroidales,Prevotellaceae,Prevotella,nanceiensis,TACGGAAGGTCCAGGCGTTATCCGGATTTATTGGGTTTAAAGGGTGCGTAGGCCGTTTGATAAGCGTGCTGTGAAATATAGTGGCTCAACCTCTATCGTGCAGCGCGAACTGTTGAACTTGAGTGCGTAGTAGGTAGGCGGAATTCGTGGTGTAGCGGTGAAATGCTTAGATATCACGAAGAACTCCGATTGCGAAGGCAGCTTACCGTAACGTTACTGACGCTTAAGCACGAAGGTGCGGGTATCGAACAGG,ASV53
0.08603,0.10482,Bacteria,Firmicutes,Negativicutes,Veillonellales-Selenomonadales,Veillonellaceae,Veillonella,atypica/parvula,TACGTAGGTGGCAAGCGTTGTCCGGAATTATTGGGCGTAAAGCGCGCGCAGGCGGATCAGTTAGTCTGTCTTAAAAGTTCGGGGCTTAACCCCGTGATGGGATGGAAACTGCTGATCTAGAGTATCGGAGAGGAAAGTGGAATTCCTAGTGTAGCGGTGAAATGCGTAGATATTAGGAAGAACACCAGTGGCGAAGGCGACTTTCTGGACGAAAACTGACGCTGAGGCGCGAAAGCCAGGGGAGCGAACGGG,ASV54
0.15802,0.20025,Bacteria,Firmicutes,Negativicutes,Veillonellales-Selenomonadales,Veillonellaceae,Veillonella,NA,TACGTAGGTGGCAAGCGTTGTCCGGAATTATTGGGCGTAAAGGGCGCGCAGGCGGCTTCTTAAGTCTGTCTTAAAAGTGCGGGGCTTAACCCCGTGATGGGATGGAAACTGGGAAGCTCAGAGTATCGGAGAGGAAAGCGGAATTCCTAGTGTAGCGGTGAAATGCGTAGATATTAGGAGGAACACCAGTGGCGAAAGCGGCTTTCTGGACGAAAACTGACGCTGAGGCGCGAAAGCCAGGGGAGCGAACGGG,ASV56
0.063065,0.063172,Bacteria,Actinobacteriota,Actinobacteria,Actinomycetales,Actinomycetaceae,Actinomyces,NA,TACGTAGGGCGCGAGCGTTGTCCGGAATTATTGGGCGTAAAGGGCTTGTAGGCGGTTGGTCGCGTCTGCCGTGAAATTCTCTGGCTTAACTGGGGGCGTGCGGTGGGTACGGGCTGACTTGAGTGCGGTAGGGGAGACTGGAACTCCTGGTGTAGCGGTGGAATGCGCAGATATCAGGAAGAACACCGGTGGCGAAGGCGGGTCTCTGGGCCGTTACTGACGCTGAGGAGCGAAAGCGTGGGGAGCGAACAGG,ASV57
0.16622,0.11052,Bacteria,Bacteroidota,Bacteroidia,Bacteroidales,Prevotellaceae,Prevotella,salivae,TACGGAAGGTCCAGGCGTTATCCGGATTTATTGGGTTTAAAGGGAGCGTAGGCCGTGGATTAAGCGTGTTGTGAAATGTAGACGCTCAACGTCTGAATTGCAGCGCGAACTGGTTCACTTGAGTATGCACAACGTAGGCGGAATTCGTCGTGTAGCGGTGAAATGCTTAGATATGACGAAGAACTCCGATTGCGAAGGCAGCTTACGGGAGCACAACTGACGCTGAAGCTCGAAGGTGCGGGTATCAAACAGG,ASV64
0.15634,-0.0032133,Bacteria,Bacteroidota,Bacteroidia,Bacteroidales,Prevotellaceae,Prevotella,pallens,TACGGAAGGTCCAGGCGTTATCCGGATTTATTGGGTTTAAAGGGAGTGTAGGCGGTTTGTTAAGCGTGTTGTGAAATTTAGGTGCTCAACATTTAACTTGCAGCGCGAACTGTCAGACTTGAGTACACGCAACGTATGCGGAATTCATGGTGTAGCGGTGAAATGCTTAGATATCATGAAGAACTCCGATTGCGAAGGCAGCATACGGGAGTGTAACTGACGCTTAAGCTCGAAGGTGCGGGTATCGAACAGG,ASV67
0.073506,-0.088788,Bacteria,Bacteroidota,Bacteroidia,Bacteroidales,Prevotellaceae,Prevotella,NA,TACGGAAGGTTCGGGCGTTATCCGGATTTATTGGGTTTAAAGGGAGCGTAGGCCGGAGATTAAGTGTGTTGTGAAATGTAGACGCTCAACGTCTGACTTGCAGCGCATACTGGTTTCCTTGAGTACGCACAACGTTGGCGGAATTCGTCGTGTAGCGGTGAAATGCTTAGATATGACGAAGAACTCCGATTGCGAAGGCAGCTGACGGGAGCGCAACTGACGCTGAAGCTCGAAGGTGCGGGTATCGAACAGG,ASV77
0.034438,-0.15254,Bacteria,Bacteroidota,Bacteroidia,Bacteroidales,Prevotellaceae,Prevotella,NA,TACGGAAGGTCCAGGCGTTATCCGGATTTATTGGGTTTAAAGGGAGTGTAGGCGGTTTGTTAAGCGTGTTGTGAAATTTAGATGCTCAACATTTAACTTGCAGCGCGAACTGTCAGACTTGAGTACACGCAACGTATGCGGAATTCATGGTGTAGCGGTGAAATGCTTAGATATCATGAAGAACTCCGATTGCGAAGGCAGCATACGGGAGTGTAACTGACGCTTAAGCTCGAAGGTGCGGGTATCGAACAGG,ASV78
0.12001,0.065076,Bacteria,Fusobacteriota,Fusobacteriia,Fusobacteriales,Leptotrichiaceae,Leptotrichia,NA,TACGTATGTCGCGAGCGTTATCCGGAATTATTGGGCATAAAGGGCATCTAGGCGGATATACAAGTCAGGGGTGAAAACTTAGGGCTCAACTCAAAGCTTGCCTTTGAAACTGTATATCTAGAGTGCTGGAGAGGTGGACGGAACTACACGAGTAGAGGTGAAATTCGTAGATATGTGTAGGAATGCCGATGATGAAGATAGTCCACTGGACAGCAACTGACGCTGAAGTGCGAAAGCTAGGGGAGCAAACAGG,ASV80
0.068163,-0.10006,Bacteria,Firmicutes,Bacilli,Lactobacillales,Streptococcaceae,Streptococcus,NA,TACGTAGGTCCCGAGCGTTATCCGGATTTATTGGGCGTAAAGCGAGCGCAGGCGGTTAGATAAGTCTGAAGTTAAAGGCTGTGGCTTAACCATAGTACGCTTTGGAAACTGTTTAACTTGAGTGCAAGAGGGGAGAGTGGAATTCCATGTGTAGCGGTGAAATGCGTAGATATATGGAGGAACACCGGTGGCGAAAGCGGCTCTCTGGCTTGTAACTGACGCTGAGGCTCGAAAGCGTGGGGAGCAAACAGG,ASV83
0.098878,0.054516,Bacteria,Actinobacteriota,Actinobacteria,Actinomycetales,Actinomycetaceae,Actinomyces,graevenitzii,TACGTAGGGCGCAAGCGTTGTCCGGAATTATTGGGCGTAAAGAGCTCGTAGGCGGCTGGTCGCGTCTGTCGTGAAAACTTCCGGCTCAACCGGGGGCTTGCGGTGGGTACGGGCCGGCTAGAGTGCGGTAGGGGTAACTGGAACTCCTGGTGTAGCGGTGGAATGCGCAGATATCAGGAAGAACACCGATGGCGAAGGCAGGTTACTGGGCCGTTACTGACGCTGAGGAGCGAAAGCGTGGGGAGCGAACAGG,ASV85
0.12548,0.098064,Bacteria,Fusobacteriota,Fusobacteriia,Fusobacteriales,Leptotrichiaceae,Leptotrichia,NA,TACGTATGTCGCGAGCGTTATCCGGAATTATTGGGCATAAAGGGCATCTAGGCGGCCTTTCAAGTCAGGGGTGAAAACCTGCGGCTCAACCGCAGGCCTGCCTTTGAAACTGATAGGCTGGAGTACCGGAGAGGTGGACGGAACTGCACGAGTAGAGGTGAAATTCGTAGATATGTGCAGGAATGCCGATGATGAAGATAGTTCACTGGACGGTAACTGACGCTGAAGTGCGAAAGCCGGGGGAGCGAACAGG,ASV88
0.077619,0.11109,Bacteria,Firmicutes,Negativicutes,Veillonellales-Selenomonadales,Selenomonadaceae,Selenomonas,NA,TACGTAGGTGGCGAGCGTTGTCCGGAATCATTGGGCGTAAAGGGAGCGCAGGCGGGCCGGTAAGTCTTACTTAAAAGTGCGGGGCTCAACCCCGTGATGGGAGAGAAACTATCGGTCTTGAGTACAGGAGAGGAAAGCGGAATTCCCAGTGTAGCGGTGAAATGCGTAGATATTGGGAAGAACACCAGTGGCGAAGGCGGCTTTCTGGACTGCAACTGACGCTGAGGCTCGAAAGCCAGGGGAGCGAACGGG,ASV95
0.16605,0.16242,Bacteria,Firmicutes,Clostridia,Lachnospirales,Lachnospiraceae,Lachnoanaerobaculum,cf.,TACGTAGGGGGCAAGCGTTATCCGGATTTACTGGGTGTAAAGGGAGCGCAGACGGCAATGCAAGTCTGAAGTGAAAGGCGTGGGCTCAACCCATGAACTGCTTTGGAAACTGTATAGCTTGAGTGTCGGAGGGGTAAGCGGAATTCCTAGTGTAGCGGTGAAATGCGTAGATATTAGGAGGAACACCGGAGGCGAAGGCGGCTTACTGGACGACAACTGACGTTGAGGCTCGAAGGCGTGGGGAGCAAACAGG,ASV99
0.1008,0.043305,Bacteria,Actinobacteriota,Actinobacteria,Micrococcales,Micrococcaceae,Rothia,mucilaginosa,TACGTAGGGCGCGAGCGTTGTCCGGAATTATTGGGCGTAAAGAGCTTGTAGGCGGTTTGTCGCGTCTGCTGTGAAAGGCCGGGGCTTAACCCCGTGTATTGCAGTGGGTACGGGCAGACTAGAGTGCAGTAGGGGAGACTGGAACTCCTGGTGTAGCGGTGGAATGCGCAGATATCAGGAAGAACACCGATGGCGAAGGCAGGTCTCTGGGCTGTAACTGACGCTGAGAAGCGAAAGCATGGGGAGCGAACAGG,ASV103
0.15207,0.12739,Bacteria,Bacteroidota,Bacteroidia,Flavobacteriales,Weeksellaceae,Bergeyella,NA,TACGGAGGGTGCAAGCGTTATCCGGATTTATTGGGTTTAAAGGGTCCGTAGGTGGGCTGATAAGTCAGCGGTGAAATCCTGCAGCTTAACTGTAGAACTGCCGTTGATACTGTTAGTCTTGAGTGTATTTGAAGTGGCTGGAATAAGTAGTGTAGCGGTGAAATGCATAGATATTACTTAGAACACCAATTGCGAAGGCAGGTCACTAAGATACAACTGACGCTGAGGGACGAAAGCGTGGGGAGCGAACAGG,ASV106
0.16535,-0.011224,Bacteria,Actinobacteriota,Coriobacteriia,Coriobacteriales,Atopobiaceae,Atopobium,parvulum,TACGTAGGGGGCAAGCGTTATCCGGATTCATTGGGCGTAAAGCGCTCGTAGGCGGTCTGTTAGGTCGGGAGTTAAATCCGGGGGCTCAACCCCCGTTCGCTCCCGATACCGGCAGACTTGAGTTTGGTAGGGGAAGGTGGAATTCCTAGTGTAGCGGTGGAATGCGCAGATATTAGGAAGAACACCAGTGGCGAAGGCGGCCTTCTGGGCCATAACTGACGCTGAGGAGCGAAAGCTAGGGGAGCAAACAGG,ASV112
0.07143,-0.090813,Bacteria,Campilobacterota,Campylobacteria,Campylobacterales,Campylobacteraceae,Campylobacter,concisus,TACGGAGGGTGCAAGCGTTACTCGGAATCACTGGGCGTAAAGGACGCGTAGGCGGATTATCAAGTCTCTTGTGAAATCCTATGGCTTAACCATAGAACTGCTTGGGAAACTGATAATCTAGAGTGAGGGAGAGGCAGATGGAATTGGTGGTGTAGGGGTAAAATCCGTAGAGATCACCAGGAATACCCATTGCGAAGGCGATCTGCTGGAACTCAACTGACGCTAATGCGTGAAAGCGTGGGGAGCAAACAGG,ASV115
0.0289,-0.20138,Bacteria,Firmicutes,Clostridia,Lachnospirales,Lachnospiraceae,Lachnoanaerobaculum,orale/saburreum,TACGTAGGGGGCAAGCGTTATCCGGATTTACTGGGTGTAAAGGGAGCGCAGACGGCGAAGCAAGTCTGAAGTGAAATGCATGGGCTCAACCCATGAATTGCTTTGGAAACTGTTTGGCTTGAGTGTCGGAGGGGTAAGCGGAATTCCTAGTGTAGCGGTGAAATGCGTAGATATTAGGAGGAACACCGGAGGCGAAGGCGGCTTACTGGACGACAACTGACGTTGAGGCTCGAAGGCGTGGGGAGCAAACAGG,ASV116
0.076966,-0.0014109,Bacteria,Firmicutes,Clostridia,Peptostreptococcales-Tissierellales,Peptostreptococcaceae,Peptostreptococcus,stomatis,TACGTAGGGGGCTAGCGTTATCCGGATTTACTGGGCGTAAAGGGTGCGTAGGTGGTCCTTCAAGTCGGTGGTTAAAGGCTACGGCTCAACCGTAGTAAGCCGCCGAAACTGGAGGACTTGAGTGCAGGAGAGGAAAGTGGAATTCCCAGTGTAGCGGTGAAATGCGTAGATATTGGGAGGAACACCAGTAGCGAAGGCGGCTTTCTGGACTGCAACTGACACTGAGGCACGAAAGCGTGGGTAGCAAACAGG,ASV120
0.07747,-0.10872,Bacteria,Bacteroidota,Bacteroidia,Bacteroidales,Prevotellaceae,Prevotella,melaninogenica/scopos,TACGGAAGGTCCAGGCGTTATCCGGATTTATTGGGTTTAAAGGGAGCGTAGGCCGGAGATTAAGTGTGTTGTGAAATGTAGACGCTCAACGTCTGACTTGCAGCGCATACTGGTTTCCTTGAGTACGCACAACGTTGGCGGAATTCGTCGTGTAGCGGTGAAATGCTTAGATATGACGAAGAACTCCGATTGCGAAGGCAGCTGACGGGAGCGCAACTGACGCTTAAGCTCGAAGGTGCGGGTATCAAACAGG,ASV122
0.098164,0.067431,Bacteria,Firmicutes,Negativicutes,Veillonellales-Selenomonadales,Veillonellaceae,Veillonella,NA,TACGTAGGTGGCAAGCGTTGTCCGGAATTATTGGGCGTAAAGCGCGCGCAGGCGGATCTGCCAGTCTGTCTTAAAAGTTCGGGGCTCAACCCCGTGATGGGATGGAAACTACAGATCTAGAGTATCGGAGGGGAAAGTGGAATTCCTAGTGTAGCGGTGAAATGCGTAGATATTAGGAGGAACACCAGTGGCGAAGGCGACTTTCTGGACGATCACTGACGCTGAGGCGCGAAAGCCAGGGGAGCGAACGGG,ASV125
0.091268,0.089473,Bacteria,Fusobacteriota,Fusobacteriia,Fusobacteriales,Leptotrichiaceae,Leptotrichia,NA,TACGTATGTCGCGAGCGTTATCCGGAATTATTGGGCATAAAGGGCATCTAGGCGGCCAGATAAGTCCGAGGTGAAAACTGCCGGCTCAACCAGCAGCTTGCCTTGGAAACTACCTGGCTAGAGTATTGGAGAGGTGGACGGAACTACACGAGTAGAGGTGAAATTCGTAGATATGTGTAGGAATGCCGATGATGAAGATAGTTCACTGGACGATAACTGACGCTGAAGTGCGAAAGCTAGGGGAGCGAACAGG,ASV127
0.091998,0.12453,Bacteria,Firmicutes,Bacilli,Erysipelotrichales,Erysipelotrichaceae,Solobacterium,moorei,TACGTAGGTGGCGAGCGTTATCCGGAATTATTGGGCGTAAAGGGTGCGTAGGCGGCCTGTTAAGTAAGTGGTTAAATTGTTGGGCTCAACCCAATCCAGCCACTTAAACTGGCAGGCTAGAGTATTGGAGAGGCAAGTGGAATTCCATGTGTAGCGGTAAAATGCGTAGATATATGGAGGAACACCAGTGGCGAAGGCGGCTTGCTAGCCAAAGACTGACGCTCATGCACGAAAGCGTGGGGAGCAAATAGG,ASV136
0.15475,0.15697,Bacteria,Firmicutes,Clostridia,Clostridia_UCG-014,NA,NA,NA,TACATATGGGGCGAGCGTTATCCGGATTTATTGGGTGTAAAGGGTGCGTAGGCGGGAAAATAAGTCAGTATGTGAAATCCCTCGGCTCAACTGAGGAACTGCAACTGAAACTATTTTTCTTGAGTGTTGAAGGGGAAAGTGGAATTCCTAGTGTAGCGGTGAAATGCGTAGAGATTAGGAGGAACACCAGTGGCGAAGGCGACTTTCTGGGCAACAACTGACGCTGAGGCACGAAAGTGTGGGGAGCAAACAGG,ASV139
0.093684,0.023525,Bacteria,Fusobacteriota,Fusobacteriia,Fusobacteriales,Leptotrichiaceae,Leptotrichia,NA,TACGTATGTCGCAAGCGTTATCCGGAATTATTGGGCATAAAGGGCATCTAGGCGGATATACAAGTCAGGGGTGAAAACTTAGGGCTCAACTCAAAGCTTGCCTTTGAAACTGTATATCTAGAGTGCTGGAGAGGTGGACGGAACTACACGAGTAGAGGTGAAATTCGTAGATATGTGTAGGAATGCCGATGATGAAGATAGTCCACTGGACAGCAACTGACGCTGAAGTGCGAAAGCTAGGGGAGCAAACAGG,ASV141
0.14988,0.12755,Bacteria,Bacteroidota,Bacteroidia,Bacteroidales,Prevotellaceae,Alloprevotella,rava,TACGGAAGGTCCAGGCGTTATCCGGATTTATTGGGTTTAAAGGGAGCGTAGGCGGACGATTAAGTCAGCTGTGAAAGTTTGCGGCTCAACCGTAAAATTGCAGTTGAAACTGGTTGTCTTGAGTGCACGCAGGGATGTTGGAATTCATGGTGTAGCGGTGAAATGCTTAGATATCATGAAGAACTCCGATCGCGAAGGCATATGTCCGGAGTGCAACTGACGCTGAGGCTCGAAAGTGCGGGTATCGAACAGG,ASV142
0.14449,-0.050589,Bacteria,Firmicutes,Clostridia,Lachnospirales,Lachnospiraceae,Oribacterium,sinus,TACGTAGGGGGCAAGCGTTATCCGGATTTACTGGGTGTAAAGGGAGCGTAGACGGAATGGCAAGTCTGAAGTGAAATACCCGGGCTCAACCTGGGAACTGCTTTGGAAACTGTTGTTCTAGAGTGTTGGAGAGGTAAGTGGAATTCCTGGTGTAGCGGTGAAATGCGTAGATATCAGGAAGAACACCGGAGGCGAAGGCGGCTTACTGGACAATAACTGACGTTGAGGCTCGAAAGCGTGGGGATCAAACAGG,ASV145
0.073775,0.0090462,Bacteria,Fusobacteriota,Fusobacteriia,Fusobacteriales,Leptotrichiaceae,Leptotrichia,NA,TACGTATGTCGCGAGCGTTATCCGGAATTATTGGGCATAAAGGGCATCTAGGCGGCCTTTCAAGTCAGGGGTGAAAACCTGCGGCTCAACCGCAGGCCTGCCTTTGAAACTGATAGGCTGGAGTACCGGAGAGGTGGACGGAACTGCACGAGTAGAGGTGAAATTCGTAGATATGTGCAGGAATGCCGATGATGAAGATAGTTCACTGGACGGTAACTGACGCTGAAGTGCGAAAGCCGGGGGAGCAAACAGG,ASV151
0.034208,-0.20561,Bacteria,Firmicutes,Clostridia,Lachnospirales,Lachnospiraceae,Stomatobaculum,NA,TACGTAGGGGGCAAGCGTTATCCGGATTTACTGGGTGTAAAGGGAGCGCAGACGGTTGCGCAAGTCTGAAGTGAAATCCCGAGGCTTAACCACGGGACTGCTTTGGAAACTGTGCGACTTGAGTATCGGAGGGGCAGGCGGAATTCCTAGTGTAGCGGTGAAATGCGTAGATATTAGGAAGAACACCGGTGGCGAAGGCGGCCTGCTGGACGAAAACTGACGTTGAGGCTCGAAGGCGTGGGGAGCAAACAGG,ASV155
0.096345,-0.045583,Bacteria,Firmicutes,Clostridia,Lachnospirales,Lachnospiraceae,Stomatobaculum,longum,TACGTAGGGGGCAAGCGTTATCCGGATTTACTGGGTGTAAAGGGAGCGCAGACGGCTCTGCAAGTCTGAAGTGAAAGCCCGCGGCTTAACCGCGGGACTGCTTTGGAAACTGCAAGGCTTGAGTATCGGAGGGGCAGGCGGAATTCCTAGTGTAGCGGTGAAATGCGTAGATATTAGGAAGAACACCGGTGGCGAAGGCGGCCTGCTGGACGAAAACTGACGTTGAGGCTCGAAGGCGTGGGGAGCAAACAGG,ASV156
0.073542,-0.1545,Bacteria,Firmicutes,Negativicutes,Veillonellales-Selenomonadales,Selenomonadaceae,NA,NA,TACGTAGGTGGCGAGCGTTGTCCGGAATTATTGGGCGTAAAGGGAGCGCAGGCGGGCGAGTAAGTCTTTCTTAAAAGTGCGGGGCTCAACCCCGTGAGGGGAGAGAAACTACTCATCTTGAGTGCAGGAGAGGAAAGCGGAATTCCTAGTGTAGCGGTGAAATGCGTAGATATTAGGAAGAACACCAGTGGCGAAGGCGGCTTTCTGGACTGTAACTGACGCTGAGGCTCGAAAGCCAGGGGAGCGAACGGG,ASV164
0.11373,-0.036062,Bacteria,Fusobacteriota,Fusobacteriia,Fusobacteriales,Leptotrichiaceae,Leptotrichia,NA,TACGTATGTCGCAAGCGTTATCCGGAATTATTGGGCATAAAGGGCATCTAGGCGGCCAGATAAGTCTGGGGTGAAAACTTGCGGCTCAACCGCAAGCCTGCCCTGGAAACTATGCGGCTAGAGTACTGGAGAGGTGGACGGAACTGCACGAGTAGAGGTGAAATTCGTAGATATGTGCAGGAATGCCGATGATGAAGATAGTTCACTGGACGGTAACTGACGCTGAAGTGCGAAAGCTAGGGGAGCAAACAGG,ASV168
0.13429,0.14759,Bacteria,Actinobacteriota,Actinobacteria,Actinomycetales,Actinomycetaceae,Actinomyces,NA,TACGTAGGGTGCGAGCGTTGTCCGGAATTATTGGGCGTAAAGGGCTTGTAGGCGGTTTGTCGCGTCTGCCGTGAAATCCTCTGGCTTAACTGGGGGCGTGCGGTGGGTACGGGCAGGCTTGAGTGCGGTAGGGGAGACTGGAACTCCTGGTGTAGCGGTGGAATGCGCAGATATCAGGAAGAACACCGGTGGCGAAGGCGGGTCTCTGGGCCGTTACTGACGCTGAGGAGCGAAAGCGTGGGGAGCGAACAGG,ASV169
0.091524,0.036985,Bacteria,Firmicutes,Clostridia,Lachnospirales,Lachnospiraceae,NA,NA,TACGTAGGGGGCAAGCGTTATCCGGATTTACTGGGTGTAAAGGGAGCGCAGACGGCTTGGCAAGTCTGAAGTGAAAGCCCGGGGCTTAACCCCGGGACTGCTTTGGAAACTGTGAAGCTAGAGTGTCGGAGAGGTAAGTGGAATTCCCAGTGTAGCGGTGAAATGCGTAGATATTGGGAGGAACACCGGTGGCGAAGGCGGCTTACTGGACGATAACTGACGTTGAGGCTCGAAGGCGTGGGGAGCAAACAGG,ASV181
0.14988,0.039244,Bacteria,Bacteroidota,Bacteroidia,Bacteroidales,Prevotellaceae,Prevotella,NA,TACGGAAGGTCCAGGCGTTATCCGGATTTATTGGGTTTAAAGGGAGCGTAGGCCGGAGATTAAGTGTGTTGTGAAATGTAGACGCTCAACGTCTGACTTGCAGCGCATACTGGTTTCCTTGAGTACGCACAACGTTGGCGGAATTCGTCGTGTAGCGGTGAAATGCTTAGATATGACGAAGAACTCCGATTGCGAAGGCAGCTGACGGGAGCGCAACTGACGCTTAAGCTCGAAGGTGCGGGTATCGAACAGG,ASV187
0.11733,-0.087211,Bacteria,Firmicutes,Clostridia,Peptostreptococcales-Tissierellales,Anaerovoracaceae,NA,NA,TACGTAGGGGGCGAGCGTTATCCGGAATTATTGGGCGTAAAGAGTGCGTAGGTGGCACCTTAAGCGCAGGGTTTAAGGCAATGGCTCAACCATTGTTCGCCTTGCGAACTGGGGTGCTTGAGTGCAGGAGGGGAAAGTGGAATTCCTAGTGTAGCGGTGAAATGCGTAGATATTAGGAGGAACACCAGTGGCGAAGGCGACTTTCTGGACTGTTACTGACACTGAGGCACGAAAGCGTGGGGAGCAAACAGG,ASV203
0.12947,0.10857,Bacteria,Fusobacteriota,Fusobacteriia,Fusobacteriales,Fusobacteriaceae,Fusobacterium,periodonticum,TACGTATGTCACAAGCGTTATCCGGATTTATTGGGCGTAAAGCGCGTCTAGGTGGTTATGTAAGTCTGATGTGAAAATGCAGGGCTCAACTCTGTATTGCGTTGGAAACTGTATGACTAGAGTACTGGAGAGGTAAGCGGAACTACAAGTGTAGAGGTGAAATTCGTAGATATTTGTAGGAATGCCGATGGGGAAGCCAGCTTACTGGACAGATACTGACGCTAAAGCGCGAAAGCGTGGGTAGCAAACAGG,ASV208
0.17081,-0.042972,Bacteria,Firmicutes,Clostridia,Clostridia_UCG-014,NA,NA,NA,TACGTAGGGAGCGAGCGTTATCCGGATTTATTGGGTGTAAAGGGTGCGTAGACGGAAATGCAAGTTAGTTGTGAAATACCTCGGCTTAACTGAGGAACTGCAACTAAAACTATATTTCTTGAGTATCGGAGGGGTTTGTGGAATTCCTAGTGTAGCGGTGAAATGCGTAGATATTAGGAAGAACACCGGTGGCGAAGGCGACAAACTGGACGATAACTGACGTTGAGGCACGAAAGTGTGGGGAGCAAACAGG,ASV223
0.11603,0.11534,Bacteria,Bacteroidota,Bacteroidia,Bacteroidales,Prevotellaceae,Prevotella,veroralis,TACGGAAGGTTCGGGCGTTATCCGGATTTATTGGGTTTAAAGGGAGCGTAGGCCGGAGATTAAGTGTGTTGTGAAATGTAGACGCTCAACGTCTGACTTGCAGCGCATACTGGTTTCCTTGAGTACGCACAACGTTGGCGGAATTCGTCGTGTAGCGGTGAAATGCTTAGATATGACGAAGAACTCCGATTGCGAAGGCAGCTGACGGGAGCGCAACTGACGCTTAAGCTCGAAGGTGCGGGTATCGAACAGG,ASV231
0.062347,-0.14506,Bacteria,Actinobacteriota,Actinobacteria,Actinomycetales,Actinomycetaceae,Actinomyces,lingnae/marseillensis/pacaensis,TACGTAGGGTGCGAGCGTTGTCCGGAATTATTGGGCGTAAAGGGCTTGTAGGCGGTTTGTCGCGTCTGCCGTGAAATCCTCTGGCTTAACTGGGGGCGTGCGGTGGGTACGGGCAGACTTGAGTGCGGTAGGGGAGACTGGAACTCCTGGTGTAGCGGTGGAATGCGCAGATATCAGGAAGAACACCGGTGGCGAAGGCGGGTCTCTGGGCCGTTACTGACGCTGAGGAGCGAAAGCGTGGGGAGCGAACAGG,ASV236
0.052746,-0.088877,Bacteria,Firmicutes,Clostridia,Lachnospirales,Lachnospiraceae,Oribacterium,asaccharolyticum,TACGTAGGGGGCAAGCGTTATCCGGATTTACTGGGTGTAAAGGGAGCGTAGACGGAGTGGCAAGTCTGAAGTGAAAACCCTGGGCTTAACCTGGGGACTGCTTTGGAAACTGTTAATCTAGAGTGTTGGAGAGGTAAGTGGAATTCCTGGTGTAGCGGTGAAATGCGTAGATATCAGGAAGAACACCGGAGGCGAAGGCGGCTTACTGGACAATAACTGACGTTGAGGCTCGAAAGCGTGGGGATCAAACAGG,ASV247
0.054303,-0.1665,Bacteria,Firmicutes,Clostridia,Lachnospirales,Lachnospiraceae,Oribacterium,parvum,TACGTAGGGGGCAAGCGTTATCCGGATTTACTGGGTGTAAAGGGAGCGTAGACGGAATGGCAAGTCTGAAGTGAAAACCCCGGGCTCAACCTGGGGACTGCTTTGGAAACTGTTGTTCTAGAGTGTTGGAGAGGTAAGTGGAATTCCTGGTGTAGCGGTGAAATGCGTAGATATCAGGAAGAACACCGGAGGCGAAGGCGGCTTACTGGACAATAACTGACGTTGAGGCTCGAAAGCGTGGGGATCAAACAGG,ASV256
0.098767,-0.030737,Bacteria,Bacteroidota,Bacteroidia,Bacteroidales,Prevotellaceae,Prevotella,NA,TACGGAAGGTCCTGGTGTTATCCGGATTTATTGGGTTTAAAGGGAGCGTAGGCCGTAGATTAAGTGTGTTGTGAAATGTAGGCGCCCAACGTCTGCCTTGCAGCGCAAACTGGTTTACTTGAGTACGCGCAACGCAGGCGGAATTCGTCGTGTAGCGGTGAAATGCTTAGATATGACGAAGAACTCCTATTGCGAAGGCAGCTTGCGGGAGCGTTACTGACGCTGAAGCTCGAAAGTGCGGGTATCGAACAGG,ASV270
0.13642,0.21559,Bacteria,Firmicutes,Clostridia,Lachnospirales,Lachnospiraceae,Catonella,NA,TACGTAGGGGGCAAGCGTTATCCGGATTTACTGGGTGTAAAGGGAGCGCAGGCGGTTTGGCAAGTTGAGAGTGGAAGCAGGGGGCTCAACCCCCTGACTGCTCCCAAAACTGTTAAACTTGAGTATGGGAGAGGCAGGCGGAATTCCTAGTGTAGCGGTGAAATGCTTAGATATTAGGAAGAACACCGGTGGCGAAGGCGGCCTGCTGGACCAAAACTGACGCTGAGGCTCGAAAGCGTGGGTAGCAAACAGG,ASV278
0.088118,0.014224,Bacteria,Bacteroidota,Bacteroidia,Bacteroidales,Prevotellaceae,Prevotella,NA,TACGGAAGGTTCGGGCGTTATCCGGATTTATTGGGTTTAAAGGGAGCGTAGGCCGTGGATTAAGCGTGTTGTGAAATGTAGATGCTCAACATCTGACTTGCAGCGCGAACTGGTTTACTTGAGTGTGCGCAACGTAGGCGGAATTCGTCGTGTAGCGGTGAAATGCTTAGATATGACGAAGAACTCCGATTGCGAAGGCAGCTTACGGGAGCACAACTGACGCTGAAGCTCGAAGGTGCGGGTATCAAACAGG,ASV290
0.086873,0.15696,Bacteria,Bacteroidota,Bacteroidia,Bacteroidales,Prevotellaceae,Prevotella,NA,TACGGAAGGTCCTGGTGTTATCCGGATTTATTGGGTTTAAAGGGAGCGTAGGCCGCAGATTAAGTGTGTTGTGAAATTCAGGCGCCCAACGTCTGACTTGCAGCGCAAACTGGTCTGCTTGAGTTCGCGCAACGCAGGCGGAATTCGTCGTGTAGCGGTGAAATGCTTAGATATGACGAAGAACTCCGATTGCGAAGGCAGCTTGCGGGAGCGTTACTGACGCTGAAGCTCGAAAGTGCGGGTATCGAACAGG,ASV305
0.17023,-0.03267,Bacteria,Firmicutes,Clostridia,Peptostreptococcales-Tissierellales,Anaerovoracaceae,Mogibacterium,NA,TACGTAGGGGGCAAGCGTTATCCGGAATTATTGGGCGTAAAGAGTGCGTAGGTGGTTACCTAAGCGCAAGGTTTAATTTAGAGGCTCAACCTCTACTTGCCTTGCGAACTGGGCTACTTGAGTGCAGGAGGGGAAAGCGGAATTCCTAGTGTAGCGGTGAAATGCGTAGATATTAGGAGGAACACCAGCGGCGAAGGCGGCTTTCTGGACTGTAACTGACACTGAGGCACGAAAGCGTGGGTAGCAAACAGG,ASV341
0.096345,0.23317,Bacteria,Bacteroidota,Bacteroidia,Bacteroidales,Prevotellaceae,Prevotella,NA,TACGGAAGGTCCGGGCGTTATCCGGATTTATTGGGTTTAAAGGGAGCGTAGGCCGTGGATTAAGCGTGTTGTGAAATGTAGACGCTCAACGTCTGAATTGCAGCGCGAACTGGTTCACTTGAGTATGCACAACGTAGGCGGAATTCGTCGTGTAGCGGTGAAATGCTTAGATATGACGAAGAACTCCGATTGCGAAGGCAGCTTACGGGAGCACAACTGACGCTGAAGCTCGAAGGTGCGGGTATCAAACAGG,ASV349
0.1823,0.0039747,Bacteria,Firmicutes,Clostridia,Lachnospirales,Lachnospiraceae,Butyrivibrio,NA,TACGTATGGAGCAAGCGTTATCCGGATTTACTGGGTGTAAAGGGAGCGCAGACGGATATGCAAGTCTGAAGTGAAACCCCACGGCTCAACCGTGGGCTTGCTTTGGAAACTGTAGATCTAGAGTACTGGAGAGGTAAGCGGAATTCCTGGTGTAGCGGTGAAATGCGTAGATATCAGGAAGAACATCGGCGGCGAAGGCGGCTTACTGGACAGCAACTGACGTTGAGGCTCGAAGGCGTGGGGAGCAAACAGG,ASV448
0.11738,0.14333,Bacteria,Patescibacteria,Saccharimonadia,Saccharimonadales,Saccharimonadaceae,TM7x,NA,TACGTAGGGTGCAAGCATTATCCGGAGTGACTGGGCGTAAAGAGTTGCGTAGGCGGTTTAATAAGTGAATAGTGAAACCTGGTGGCTCAACCATACAGACTATTATTCAAACTGTTAAACTCGAGAATGGTAGAGGTAACTGGAATTTCTAGTGTAGGAGTGAAATCCGTAGATATTAGAAGGAACACCGATGGCGTAGGCAGGTTACTGGGCCATTTCTGACGCTAAGGCACGAAAGCGTGGGGAGCGAACCGG,ASV498
